Book Sr no.,Title,Subject,Edition,Edition-year,Author,Publisher,Semester,Price,Year of first use,Age,ISBN,Branch,University,Cover1,Cover2,Page1,Page2,Course,
1,A Programmer's Guide to Java Certification,Java,2,,Khalid A. Mughal Rolf W. Rasmussen,Pearson Education,Three,550,2006,16,81-7758-273-9,I.T,MU,https://secondhandbookimages.s3.ap-south-1.amazonaws.com/2022-01-11T05%3A15%3A13.957Z-programmer%20Guide%20Java_Khalid%20Mughal_2006_1.jpg,https://secondhandbookimages.s3.ap-south-1.amazonaws.com/2022-01-11T05%3A15%3A13.970Z-programmer%20Guide%20Java_Khalid%20Mughal_2006_2.jpg,https://secondhandbookimages.s3.ap-south-1.amazonaws.com/2022-01-11T05%3A15%3A14.030Z-programmer%20Guide%20Java_Khalid%20Mughal_2006_3.jpg,https://secondhandbookimages.s3.ap-south-1.amazonaws.com/2022-01-11T05%3A15%3A14.044Z-programmer%20Guide%20Java_Khalid%20Mughal_2006_4.jpg,B.Tech,
2,Analog and digital communication ,Analog and digital communication ,2,,H P HSU,Tata McGraw Hill,Three,,2010,12,0-07-060186-0,ELEX,MU,https://secondhandbookimages.s3.ap-south-1.amazonaws.com/2022-01-11T05%3A27%3A50.052Z-analog_hp_2010_1.jpg,https://secondhandbookimages.s3.ap-south-1.amazonaws.com/2022-01-11T05%3A27%3A50.072Z-analog_hp_2010_2.jpg,https://secondhandbookimages.s3.ap-south-1.amazonaws.com/2022-01-11T05%3A27%3A50.091Z-analog_hp_2010_3.jpg,https://secondhandbookimages.s3.ap-south-1.amazonaws.com/2022-01-11T05%3A27%3A50.102Z-analog_hp_2010_4.jpg,B.Tech,
3,Applied Chemistry,Chemistry,1,,Dr. K. H. SADRI A.K. DAS,Technical Publications,One,50,2010,12,,I.T,MU,https://secondhandbookimages.s3.ap-south-1.amazonaws.com/2022-01-11T05%3A33%3A52.785Z-AC_KH%20Sadri%20%20AK%20Das_2010_1.jpg,https://secondhandbookimages.s3.ap-south-1.amazonaws.com/2022-01-11T05%3A33%3A52.788Z-AC_KH%20Sadri%20%20AK%20Das_2010_2.jpg,https://secondhandbookimages.s3.ap-south-1.amazonaws.com/2022-01-11T05%3A33%3A52.811Z-AC_KH%20Sadri%20%20AK%20Das_2010_3.jpg,https://secondhandbookimages.s3.ap-south-1.amazonaws.com/2022-01-11T05%3A33%3A52.820Z-AC_KH%20Sadri%20%20AK%20Das_2010_4.jpg,B.Tech,
4,Applied Chemistry,Chemistry,4,2010,Dr. Jayshree A. Parikh,Techmax publication,One,355,2010,12,978-81-8407-925-8,IT,MU,https://secondhandbookimages.s3.ap-south-1.amazonaws.com/2022-01-11T05%3A37%3A45.792Z-AC_parekh_2010_1.jpg,https://secondhandbookimages.s3.ap-south-1.amazonaws.com/2022-01-11T05%3A37%3A45.797Z-AC_parekh_2010_2.jpg,https://secondhandbookimages.s3.ap-south-1.amazonaws.com/2022-01-11T05%3A37%3A45.805Z-AC_parekh_2010_3.jpg,https://secondhandbookimages.s3.ap-south-1.amazonaws.com/2022-01-11T05%3A37%3A45.825Z-AC_parekh_2010_4.jpg,B.Tech,
5,Applied Chemistry,Chemistry,4,2010,Dr. Jayshree A. Parikh,Techmax publication,One,355,2016,6,978-81-8407-925-9,IT,MU,https://secondhandbookimages.s3.ap-south-1.amazonaws.com/2022-01-11T05%3A39%3A41.901Z-AC1_Jayshree%20Parikh_2016_1.jpg,https://secondhandbookimages.s3.ap-south-1.amazonaws.com/2022-01-11T05%3A39%3A41.909Z-AC1_Jayshree%20Parikh_2016_2.jpg,https://secondhandbookimages.s3.ap-south-1.amazonaws.com/2022-01-11T05%3A39%3A41.919Z-AC1_Jayshree%20Parikh_2016_3.jpg,https://secondhandbookimages.s3.ap-south-1.amazonaws.com/2022-01-11T05%3A39%3A41.942Z-AC1_Jayshree%20Parikh_2016_4.jpg,B.Tech,
6,Applied Chemistry,Chemistry,1,2016,Dr.Prabha shah,P.Jamnadas  LLP,One,200,2018,4,978-81-939956-9-3,IT,MU,https://secondhandbookimages.s3.ap-south-1.amazonaws.com/2022-01-11T05%3A46%3A31.103Z-AC1_PRABHA%20MANJU%20BISWAJIT%20_%202018_1.jpg,https://secondhandbookimages.s3.ap-south-1.amazonaws.com/2022-01-11T05%3A46%3A31.112Z-AC1_PRABHA%20MANJU%20BISWAJIT%20_%202018_2.jpg,https://secondhandbookimages.s3.ap-south-1.amazonaws.com/2022-01-11T05%3A46%3A31.124Z-AC1_PRABHA%20MANJU%20BISWAJIT%20_%202018_3.jpg,https://secondhandbookimages.s3.ap-south-1.amazonaws.com/2022-01-11T05%3A46%3A31.131Z-AC1_PRABHA%20MANJU%20BISWAJIT%20_%202018_4.jpg,B.Tech,
7,Applied Chemistry,Chemistry,2,2016,Dr.Prabha shah,P.Jamnadas  LLP,Two,230,2018,4,978-81-934656-9-1,IT,MU,https://secondhandbookimages.s3.ap-south-1.amazonaws.com/2022-01-11T05%3A49%3A43.761Z-AC2_Prabha%20%20Manju%20%20Biswajit_2018_1.jpg,https://secondhandbookimages.s3.ap-south-1.amazonaws.com/2022-01-11T05%3A49%3A43.776Z-AC2_Prabha%20%20Manju%20%20Biswajit_2018_2.jpg,https://secondhandbookimages.s3.ap-south-1.amazonaws.com/2022-01-11T05%3A49%3A43.794Z-AC2_Prabha%20%20Manju%20%20Biswajit_2018_3.jpg,https://secondhandbookimages.s3.ap-south-1.amazonaws.com/2022-01-11T05%3A49%3A43.818Z-AC2_Prabha%20%20Manju%20%20Biswajit_2018_4.jpg,B.Tech,
8,Applied Chemistry,Chemistry,3,2014,Dr. Trupti S.Paradkar,Technical publication,Two,230,2016,6,9789350389638,IT,MU,https://secondhandbookimages.s3.ap-south-1.amazonaws.com/2022-01-11T05%3A55%3A21.241Z-AC2_TRUPTI%20PARADKAR_2016_1.jpg,https://secondhandbookimages.s3.ap-south-1.amazonaws.com/2022-01-11T05%3A55%3A21.255Z-AC2_TRUPTI%20PARADKAR_2016_2.jpg,https://secondhandbookimages.s3.ap-south-1.amazonaws.com/2022-01-11T05%3A55%3A21.279Z-AC2_TRUPTI%20PARADKAR_2016_3.jpg,https://secondhandbookimages.s3.ap-south-1.amazonaws.com/2022-01-11T05%3A55%3A21.321Z-AC2_TRUPTI%20PARADKAR_2016_4.jpg,B.Tech,
9,Applied Chemistry Theory and Practice,Chemistry,2,,O. P. Vermani A.K. Narula,New Age International Publishers,One,185,2005,17,978-8122408140,I.T,MU,https://secondhandbookimages.s3.ap-south-1.amazonaws.com/2022-01-11T10%3A09%3A29.323Z-AC_OP%20VERMANI%20%20AK%20NARULA_2005_1.jpg,https://secondhandbookimages.s3.ap-south-1.amazonaws.com/2022-01-11T10%3A09%3A29.335Z-AC_OP%20VERMANI%20%20AK%20NARULA_2005_2.jpg,https://secondhandbookimages.s3.ap-south-1.amazonaws.com/2022-01-11T10%3A09%3A29.396Z-AC_OP%20VERMANI%20%20AK%20NARULA_2005_3.jpg,https://secondhandbookimages.s3.ap-south-1.amazonaws.com/2022-01-11T10%3A09%3A29.408Z-AC_OP%20VERMANI%20%20AK%20NARULA_2005_4.jpg,B.Tech,
10,Applied cryptography,Cryptography Network Security,2,,Bruce Schneier,,Five,740,2015,7,978-0-471-11709-4,IT,MU,https://secondhandbookimages.s3.ap-south-1.amazonaws.com/2022-01-11T10%3A13%3A51.907Z-Applied%20Cryptography_Bruce%20Schneier_2015_1.jpg,https://secondhandbookimages.s3.ap-south-1.amazonaws.com/2022-01-11T10%3A13%3A51.912Z-Applied%20Cryptography_Bruce%20Schneier_2015_2.jpg,https://secondhandbookimages.s3.ap-south-1.amazonaws.com/2022-01-11T10%3A13%3A51.921Z-Applied%20Cryptography_Bruce%20Schneier_2015_3.jpg,https://secondhandbookimages.s3.ap-south-1.amazonaws.com/2022-01-11T10%3A13%3A51.932Z-Applied%20Cryptography_Bruce%20Schneier_2015_3.jpg,B.Tech,
11,Applied Mathematics,Mathematics,,,Dr. M.Y. Gokhale,Nirali,One,200,2006,16,,IT,MU,https://secondhandbookimages.s3.ap-south-1.amazonaws.com/2022-01-11T10%3A16%3A36.934Z-AM1_MY%20GHOKALE_2006_1.jpg,https://secondhandbookimages.s3.ap-south-1.amazonaws.com/2022-01-11T10%3A16%3A36.939Z-AM1_MY%20GHOKALE_2006_2.jpg,https://secondhandbookimages.s3.ap-south-1.amazonaws.com/2022-01-11T10%3A16%3A36.945Z-AM1_MY%20GHOKALE_2006_3.jpg,https://secondhandbookimages.s3.ap-south-1.amazonaws.com/2022-01-11T10%3A16%3A36.953Z-AM1_MY%20GHOKALE_2006_4.jpg,B.Tech,
12,Applied Mathematics,Mathematics,1,2004,R.M Baphana,Techmax publication,One,315,2015,7,,IT,MU,https://secondhandbookimages.s3.ap-south-1.amazonaws.com/2022-01-11T10%3A19%3A00.225Z-AM1_RM%20BAPHANA_2015_1.jpg,https://secondhandbookimages.s3.ap-south-1.amazonaws.com/2022-01-11T10%3A19%3A00.229Z-AM1_RM%20BAPHANA_2015_2.jpg,https://secondhandbookimages.s3.ap-south-1.amazonaws.com/2022-01-11T10%3A19%3A00.246Z-AM1_RM%20BAPHANA_2015_3.jpg,https://secondhandbookimages.s3.ap-south-1.amazonaws.com/2022-01-11T10%3A19%3A00.260Z-AM1_RM%20BAPHANA_2015_4.jpg,B.Tech,
13,Applied Mathematics,Mathematics,1,2013,A.V Dubewar Mrs.K.V. Nimi,Synergy Knowledgeware,One,295,2016,6,978-81-924-2740-9,IT,MU,https://secondhandbookimages.s3.ap-south-1.amazonaws.com/2022-01-11T10%3A29%3A35.635Z-AM1_KV%20NIMI_2016_1.jpg,https://secondhandbookimages.s3.ap-south-1.amazonaws.com/2022-01-11T10%3A29%3A35.639Z-AM1_KV%20NIMI_2016_2.jpg,https://secondhandbookimages.s3.ap-south-1.amazonaws.com/2022-01-11T10%3A29%3A35.645Z-AM1_KV%20NIMI_2016_3.jpg,https://secondhandbookimages.s3.ap-south-1.amazonaws.com/2022-01-11T10%3A29%3A35.655Z-AM1_KV%20NIMI_2016_4.jpg,B.Tech,
14,Applied Mathematics,Mathematics,1,2013,Dr. Shridhar S. Deo,Techmax publication,One,265,2012,10,978-93-5077-068-9,IT,MU,https://secondhandbookimages.s3.ap-south-1.amazonaws.com/2022-01-11T10%3A24%3A12.796Z-AM1_SHRIDHAR%20DEO_2012_1.jpg,https://secondhandbookimages.s3.ap-south-1.amazonaws.com/2022-01-11T10%3A24%3A12.800Z-AM1_SHRIDHAR%20DEO_2012_2.jpg,https://secondhandbookimages.s3.ap-south-1.amazonaws.com/2022-01-11T10%3A24%3A12.809Z-AM1_SHRIDHAR%20DEO_2012_3.jpg,https://secondhandbookimages.s3.ap-south-1.amazonaws.com/2022-01-11T10%3A24%3A12.829Z-AM1_SHRIDHAR%20DEO_2012_4.jpg,B.Tech,
15,Applied Mathematics,Mathematics,1,2017,"A,V Dubewar B,B Mulla W.D Patil",Oxford publication,Two,350,2018,4,0-19-949062-7,IT,MU,https://secondhandbookimages.s3.ap-south-1.amazonaws.com/2022-01-11T10%3A31%3A47.594Z-AM1_AV%20Dubewar%20_%202018_1.jpg,https://secondhandbookimages.s3.ap-south-1.amazonaws.com/2022-01-11T10%3A31%3A47.598Z-AM1_AV%20Dubewar%20_%202018_2.jpg,https://secondhandbookimages.s3.ap-south-1.amazonaws.com/2022-01-11T10%3A31%3A47.604Z-AM1_AV%20Dubewar%20_%202018_3.jpg,https://secondhandbookimages.s3.ap-south-1.amazonaws.com/2022-01-11T10%3A31%3A47.624Z-AM1_AV%20Dubewar%20_%202018_4.jpg,B.Tech,
16,Applied Mathematics,Mathematics,,2014,B.M Patel A.S.Desai,Technical Publication,Four,430,2019,3,978-93-5099-649-2,IT,MU,https://secondhandbookimages.s3.ap-south-1.amazonaws.com/2022-01-11T10%3A33%3A49.062Z-AM4_BM%20Patel%20%20AS%20Desai_2019_1.jpg,https://secondhandbookimages.s3.ap-south-1.amazonaws.com/2022-01-11T10%3A33%3A49.069Z-AM4_BM%20Patel%20%20AS%20Desai_2019_2.jpg,https://secondhandbookimages.s3.ap-south-1.amazonaws.com/2022-01-11T10%3A33%3A49.089Z-AM4_BM%20Patel%20%20AS%20Desai_2019_3.jpg,https://secondhandbookimages.s3.ap-south-1.amazonaws.com/2022-01-11T10%3A33%3A49.099Z-AM4_BM%20Patel%20%20AS%20Desai_2019_4.jpg,B.Tech,
17,Applied Physics,Physics,2,2015,Dr. Swati Bawra,C. Jamnadas& Co.,One,200,2016,6,,IT,MU,https://secondhandbookimages.s3.ap-south-1.amazonaws.com/2022-01-11T10%3A37%3A40.836Z-AP1_SWATI_2016_1.jpg,https://secondhandbookimages.s3.ap-south-1.amazonaws.com/2022-01-11T10%3A37%3A40.841Z-AP1_SWATI_2016_2.jpg,https://secondhandbookimages.s3.ap-south-1.amazonaws.com/2022-01-11T10%3A37%3A40.853Z-AP1_SWATI_2016_3.jpg,https://secondhandbookimages.s3.ap-south-1.amazonaws.com/2022-01-11T10%3A37%3A40.869Z-AP1_SWATI_2016_4.jpg,B.Tech,
18,Applied Physics,Physics,3,2009,Dr. I.A.Shaikh,Techmax publication,One,235,2010,12,978-81-8407-899-2,IT,MU,https://secondhandbookimages.s3.ap-south-1.amazonaws.com/2022-01-11T10%3A41%3A41.376Z-AP1_IA%20SHAIKH_2010_1.jpg,https://secondhandbookimages.s3.ap-south-1.amazonaws.com/2022-01-11T10%3A41%3A41.380Z-AP1_IA%20SHAIKH_2010_2.jpg,https://secondhandbookimages.s3.ap-south-1.amazonaws.com/2022-01-11T10%3A41%3A41.387Z-AP1_IA%20SHAIKH_2010_3.jpg,https://secondhandbookimages.s3.ap-south-1.amazonaws.com/2022-01-11T10%3A41%3A41.399Z-AP1_IA%20SHAIKH_2010_4.jpg,B.Tech,
19,Applied Physics,Physics,2,2013,H.J Sawant,Technical publication,One,150,2017,5,9789350991169,IT,MU,https://secondhandbookimages.s3.ap-south-1.amazonaws.com/2022-01-11T10%3A44%3A10.478Z-AP1_HJ%20SAWANT_17_1.jpg,https://secondhandbookimages.s3.ap-south-1.amazonaws.com/2022-01-11T10%3A44%3A10.490Z-AP1_HJ%20SAWANT_17_2.jpg,https://secondhandbookimages.s3.ap-south-1.amazonaws.com/2022-01-11T10%3A44%3A10.500Z-AP1_HJ%20SAWANT_17_3.jpg,https://secondhandbookimages.s3.ap-south-1.amazonaws.com/2022-01-11T10%3A44%3A10.507Z-AP1_HJ%20SAWANT_17_4.jpg,B.Tech,
20,Applied Physics ,Physics,2,2018,Dr.Swati Bawra,P. Jamnadas,One,220,2017,5,978-81-934573-3-7,IT,MU,https://secondhandbookimages.s3.ap-south-1.amazonaws.com/2022-01-11T10%3A46%3A29.372Z-AP1%20_Swati_2017_1.jpg,https://secondhandbookimages.s3.ap-south-1.amazonaws.com/2022-01-11T10%3A46%3A29.374Z-AP1%20_Swati_2017_2.jpg,https://secondhandbookimages.s3.ap-south-1.amazonaws.com/2022-01-11T10%3A46%3A29.403Z-AP1%20_Swati_2017_3.jpg,https://secondhandbookimages.s3.ap-south-1.amazonaws.com/2022-01-11T10%3A46%3A29.422Z-AP1%20_Swati_2017_4.jpg,B.Tech,
21,Automata theory,Automata theory,3,2016,Dilip Kumar Sultania,TechKnowledge publications,Four,250,2020,2,978-93-89828-04-7,IT,MU,https://secondhandbookimages.s3.ap-south-1.amazonaws.com/2022-01-11T10%3A48%3A44.218Z-AT_Dilip%20Kumar_2020_1.jpg,https://secondhandbookimages.s3.ap-south-1.amazonaws.com/2022-01-11T10%3A48%3A44.224Z-AT_Dilip%20Kumar_2020_2.jpg,https://secondhandbookimages.s3.ap-south-1.amazonaws.com/2022-01-11T10%3A48%3A44.234Z-AT_Dilip%20Kumar_2020_3.jpg,https://secondhandbookimages.s3.ap-south-1.amazonaws.com/2022-01-11T10%3A48%3A44.240Z-AT_Dilip%20Kumar_2020_4.jpg,B.Tech,
22,Automata theory,Automata theory,14,2013,John C Martin,McGraw Hill,Three,,2014,8,978-0-07-066048-9,IT,MU,https://secondhandbookimages.s3.ap-south-1.amazonaws.com/2022-01-11T10%3A54%3A01.291Z-auto_john_2014_1.jpg,https://secondhandbookimages.s3.ap-south-1.amazonaws.com/2022-01-11T10%3A54%3A01.301Z-auto_john_2014_2.jpg,https://secondhandbookimages.s3.ap-south-1.amazonaws.com/2022-01-11T10%3A54%3A01.310Z-auto_john_2014_3.jpg,https://secondhandbookimages.s3.ap-south-1.amazonaws.com/2022-01-11T10%3A54%3A01.316Z-auto_john_2014_4.jpg,B.Tech,
23,Automata theory,Automata theory,3,,John E. Hopcroft Rajeev Motwani Jeffrey D. Ullman,Pearson,Three,735,2014,8,978-81-317-2047-9,IT,MU,https://secondhandbookimages.s3.ap-south-1.amazonaws.com/2022-01-11T10%3A55%3A29.469Z-auto_pearson_2014_1.jpg,https://secondhandbookimages.s3.ap-south-1.amazonaws.com/2022-01-11T10%3A55%3A29.474Z-auto_pearson_2014_2.jpg,https://secondhandbookimages.s3.ap-south-1.amazonaws.com/2022-01-11T10%3A55%3A29.481Z-auto_pearson_2014_3.jpg,https://secondhandbookimages.s3.ap-south-1.amazonaws.com/2022-01-11T10%3A55%3A29.489Z-auto_pearson_2014_4.jpg,B.Tech,
24,Basic Electrical And Electronics Engineering,Basic Electrical ,3,2017,B. R. Patil,Oxford University Press,One,450,2010,12,0-19-946937-7,I.T,MU,https://secondhandbookimages.s3.ap-south-1.amazonaws.com/2022-01-11T11%3A08%3A12.926Z-bee_br_2010_1.jpg,https://secondhandbookimages.s3.ap-south-1.amazonaws.com/2022-01-11T11%3A08%3A12.930Z-bee_br_2010_2.jpg,https://secondhandbookimages.s3.ap-south-1.amazonaws.com/2022-01-11T11%3A08%3A12.949Z-bee_br_2010_3.jpg,https://secondhandbookimages.s3.ap-south-1.amazonaws.com/2022-01-11T11%3A08%3A12.962Z-bee_br_2010_4.jpg,B.Tech,
25,Basic Electrical And Electronics Engineering,Basic Electrical ,,2014,Harish G Narula,Tech Max Publications,One,265,2018,4,978-93-5077-285-0,I.T,MU,https://secondhandbookimages.s3.ap-south-1.amazonaws.com/2022-01-11T11%3A10%3A23.389Z-BEE_Harish%20Narula_2018_1.jpg,https://secondhandbookimages.s3.ap-south-1.amazonaws.com/2022-01-11T11%3A10%3A23.393Z-BEE_Harish%20Narula_2018_2.jpg,https://secondhandbookimages.s3.ap-south-1.amazonaws.com/2022-01-11T11%3A10%3A23.399Z-BEE_Harish%20Narula_2018_3.jpg,https://secondhandbookimages.s3.ap-south-1.amazonaws.com/2022-01-11T11%3A10%3A23.408Z-BEE_Harish%20Narula_2018_4.jpg,B.Tech,
26,Basic Electrical And Electronics Engineering,Basic Electrical ,2,,B. R. Patil,Oxford University Press,One,435,2015,7,0-19-809634-8,I.T,MU,https://secondhandbookimages.s3.ap-south-1.amazonaws.com/2022-01-11T11%3A12%3A27.908Z-Bee_patil_2015_1.jpg,https://secondhandbookimages.s3.ap-south-1.amazonaws.com/2022-01-11T11%3A12%3A27.913Z-Bee_patil_2015_2.jpg,https://secondhandbookimages.s3.ap-south-1.amazonaws.com/2022-01-11T11%3A12%3A27.932Z-Bee_patil_2015_3.jpg,https://secondhandbookimages.s3.ap-south-1.amazonaws.com/2022-01-11T11%3A12%3A27.942Z-Bee_patil_2015_4.jpg,B.Tech,
27,Basic Electrical And Electronics Engineering,Basic Electrical ,2,2012,Ravish R Singh,McGraw Hill,One,400,2017,5,978-1-25-902962-2,I.T,MU,https://secondhandbookimages.s3.ap-south-1.amazonaws.com/2022-01-11T11%3A14%3A16.578Z-bee_rs_2017_1.jpg,https://secondhandbookimages.s3.ap-south-1.amazonaws.com/2022-01-11T11%3A14%3A16.581Z-bee_rs_2017_2.jpg,https://secondhandbookimages.s3.ap-south-1.amazonaws.com/2022-01-11T11%3A14%3A16.589Z-bee_rs_2017_3.jpg,https://secondhandbookimages.s3.ap-south-1.amazonaws.com/2022-01-11T11%3A14%3A16.608Z-bee_rs_2017_4.jpg,B.Tech,
28,Cloud Computing,Cloud,,,Micheal Miller,Pearson,Six,430,2013,9,978-81-317-2533-7,I.T,,https://secondhandbookimages.s3.ap-south-1.amazonaws.com/2022-01-11T12%3A13%3A58.093Z-Cloud_pearson_2013_1.jpg,https://secondhandbookimages.s3.ap-south-1.amazonaws.com/2022-01-11T12%3A13%3A58.099Z-Cloud_pearson_2013_2.jpg,https://secondhandbookimages.s3.ap-south-1.amazonaws.com/2022-01-11T12%3A13%3A58.106Z-Cloud_pearson_2013_3.jpg,https://secondhandbookimages.s3.ap-south-1.amazonaws.com/2022-01-11T12%3A13%3A58.128Z-Cloud_pearson_2013_4.jpg,B.Tech,
29,Cloud Computing,Cloud,,,Barrie Sosinsky,Wiley India,Six,999,2020,2,978-81-265-2980-3,I.T,,https://secondhandbookimages.s3.ap-south-1.amazonaws.com/2022-01-11T12%3A16%3A07.120Z-Cloud_wiley_2020_1.jpg,https://secondhandbookimages.s3.ap-south-1.amazonaws.com/2022-01-11T12%3A16%3A07.125Z-Cloud_wiley_2020_2.jpg,https://secondhandbookimages.s3.ap-south-1.amazonaws.com/2022-01-11T12%3A16%3A07.146Z-Cloud_wiley_2020_3.jpg,https://secondhandbookimages.s3.ap-south-1.amazonaws.com/2022-01-11T12%3A16%3A07.158Z-Cloud_wiley_2020_4.jpg,B.Tech,
30,Computer Network And Network Design,Cryptography Network Security,1,2021,J. S. Katre Monali Shetty,Tech Knowledge,Four,385,2019,3,978-93-90428-23-6,I.T,MU,https://secondhandbookimages.s3.ap-south-1.amazonaws.com/2022-01-11T12%3A50%3A13.401Z-CN_JS%20Katre_2019_1.jpg,https://secondhandbookimages.s3.ap-south-1.amazonaws.com/2022-01-11T12%3A50%3A13.412Z-CN_JS%20Katre_2019_2.jpg,https://secondhandbookimages.s3.ap-south-1.amazonaws.com/2022-01-11T12%3A50%3A13.424Z-CN_JS%20Katre_2019_3.jpg,https://secondhandbookimages.s3.ap-south-1.amazonaws.com/2022-01-11T12%3A50%3A13.444Z-CN_JS%20Katre_2019_4.jpg,B.Tech,
31,Cryptography and Network Security,Cryptography Network Security,,,Atul Kahate,McGraw Hill,Five,320,2014,8,978-1-25-902988-2,I.T,,https://secondhandbookimages.s3.ap-south-1.amazonaws.com/2022-01-11T12%3A53%3A46.147Z-CN_atul_2014_1.jpg,https://secondhandbookimages.s3.ap-south-1.amazonaws.com/2022-01-11T12%3A53%3A46.155Z-CN_atul_2014_2.jpg,https://secondhandbookimages.s3.ap-south-1.amazonaws.com/2022-01-11T12%3A53%3A46.164Z-CN_atul_2014_3.jpg,https://secondhandbookimages.s3.ap-south-1.amazonaws.com/2022-01-11T12%3A53%3A46.186Z-CN_atul_2014_4.jpg,B.Tech,
32,Cryptography and Network Security,Cryptography Network Security,3,,Beherouz A Forouzan Debdeep Mukhopadhaya,McGraw Hill,Five,570,2015,7,978-93-392-2094-5,I.T,MU,https://secondhandbookimages.s3.ap-south-1.amazonaws.com/2022-01-11T13%3A16%3A30.346Z-CNS_FOROUZAN_2015_1.jpg,https://secondhandbookimages.s3.ap-south-1.amazonaws.com/2022-01-11T13%3A16%3A30.381Z-CNS_FOROUZAN_2015_2.jpg,https://secondhandbookimages.s3.ap-south-1.amazonaws.com/2022-01-11T13%3A16%3A30.441Z-CNS_FOROUZAN_2015_3.jpg,https://secondhandbookimages.s3.ap-south-1.amazonaws.com/2022-01-11T13%3A16%3A30.459Z-CNS_FOROUZAN_2015_4.jpg,B.Tech,
33,Cryptography and Network Security,Cryptography Network Security,4,,William Stallings,Pearson,Four,1400,2014,8,978-8177587746,IT,MU,https://secondhandbookimages.s3.ap-south-1.amazonaws.com/2022-01-11T13%3A28%3A23.782Z-CNS_WILLIAM%20Stallings_2014_1.jpg,https://secondhandbookimages.s3.ap-south-1.amazonaws.com/2022-01-11T13%3A28%3A23.790Z-CNS_WILLIAM%20Stallings_2014_2.jpg,https://secondhandbookimages.s3.ap-south-1.amazonaws.com/2022-01-11T13%3A28%3A23.790Z-CNS_WILLIAM%20Stallings_2014_2.jpg,https://secondhandbookimages.s3.ap-south-1.amazonaws.com/2022-01-11T13%3A28%3A23.823Z-CNS_WILLIAM%20Stallings_2014_3.jpg,B.Tech,
34,Cryptography and Network Security,Cryptography Network Security,,2019,Santosh Darade,Tech Neo,Five,195,2019,3,978-93-89366-11-2,IT,MU,https://secondhandbookimages.s3.ap-south-1.amazonaws.com/2022-01-11T13%3A31%3A30.054Z-Cryptography_Santosh%20Darade_2019_1.jpg,https://secondhandbookimages.s3.ap-south-1.amazonaws.com/2022-01-11T13%3A31%3A30.066Z-Cryptography_Santosh%20Darade_2019_2.jpg,https://secondhandbookimages.s3.ap-south-1.amazonaws.com/2022-01-11T13%3A31%3A30.093Z-Cryptography_Santosh%20Darade_2019_3.jpg,https://secondhandbookimages.s3.ap-south-1.amazonaws.com/2022-01-11T13%3A31%3A30.105Z-Cryptography_Santosh%20Darade_2019_4.jpg,B.Tech,
35,Cryptography for Database and Internet Applications,Cryptography Network Security,,,Nick Galbreath,Wiley Dreamtech,Five,329,2010,12,81-265-0332-7,IT,MU,https://secondhandbookimages.s3.ap-south-1.amazonaws.com/2022-01-11T13%3A34%3A09.965Z-Cryptography_Nick%20galberth_2010_1.jpg,https://secondhandbookimages.s3.ap-south-1.amazonaws.com/2022-01-11T13%3A34%3A09.978Z-Cryptography_Nick%20galberth_2010_2.jpg,https://secondhandbookimages.s3.ap-south-1.amazonaws.com/2022-01-11T13%3A34%3A10.008Z-Cryptography_Nick%20galberth_2010_3.jpg,https://secondhandbookimages.s3.ap-south-1.amazonaws.com/2022-01-11T13%3A34%3A10.037Z-Cryptography_Nick%20galberth_2010_4.jpg,B.Tech,
36,Data Mining Methods and Models,Data Mining,2,2007,Daniel T Larose,Wiley India,Five,,2010,12,978-81-265-0776-4,IT,MU,https://secondhandbookimages.s3.ap-south-1.amazonaws.com/2022-01-11T11%3A59%3A09.228Z-DM_wiley_2010_1.jpg,https://secondhandbookimages.s3.ap-south-1.amazonaws.com/2022-01-11T11%3A59%3A09.232Z-DM_wiley_2010_2.jpg,https://secondhandbookimages.s3.ap-south-1.amazonaws.com/2022-01-11T11%3A59%3A09.253Z-DM_wiley_2010_3.jpg,https://secondhandbookimages.s3.ap-south-1.amazonaws.com/2022-01-11T11%3A59%3A09.263Z-DM_wiley_2010_4.jpg,B.Tech,
37,Data Structures Using C,Data Structure,2,,Reema Thareja,Oxford publication,Three,540,2011,11,0-19-809930-4,IT,MU,https://secondhandbookimages.s3.ap-south-1.amazonaws.com/2022-01-11T12%3A01%3A32.549Z-DS_reema_2011_1.jpg,https://secondhandbookimages.s3.ap-south-1.amazonaws.com/2022-01-11T12%3A01%3A32.553Z-DS_reema_2011_2.jpg,https://secondhandbookimages.s3.ap-south-1.amazonaws.com/2022-01-11T12%3A01%3A32.575Z-DS_reema_2011_3.jpg,https://secondhandbookimages.s3.ap-south-1.amazonaws.com/2022-01-11T12%3A01%3A32.584Z-DS_reema_2011_4.jpg,B.Tech,
38,Data Warehousing And Mining,Data Mining,,,Dr. Nilesh Patil Mrs Anagha J. Patil ,Tech Neo,Five,285,2021,1,978-93-90904-80-8,Comps,MU,https://secondhandbookimages.s3.ap-south-1.amazonaws.com/2022-01-11T12%3A03%3A48.923Z-DWM_Nilesh%20Patil_2021_1.jpg,https://secondhandbookimages.s3.ap-south-1.amazonaws.com/2022-01-11T12%3A03%3A48.936Z-DWM_Nilesh%20Patil_2021_2.jpg,https://secondhandbookimages.s3.ap-south-1.amazonaws.com/2022-01-11T12%3A03%3A48.956Z-DWM_Nilesh%20Patil_2021_3.jpg,https://secondhandbookimages.s3.ap-south-1.amazonaws.com/2022-01-11T12%3A03%3A48.964Z-DWM_Nilesh%20Patil_2021_4.jpg,B.Tech,
39,Discrete Mathematics,Mathematics,,,Norman L Biggs,Oxford publication,Three,577,2018,4,978-0-19-871369-2,IT,MU,https://secondhandbookimages.s3.ap-south-1.amazonaws.com/2022-01-11T12%3A08%3A34.704Z-DM_Norman_2018_1.jpg,https://secondhandbookimages.s3.ap-south-1.amazonaws.com/2022-01-11T12%3A08%3A34.709Z-DM_Norman_2018_2.jpg,https://secondhandbookimages.s3.ap-south-1.amazonaws.com/2022-01-11T12%3A08%3A34.732Z-DM_Norman_2018_3.jpg,https://secondhandbookimages.s3.ap-south-1.amazonaws.com/2022-01-11T12%3A08%3A34.749Z-DM_Norman_2018_4.jpg,B.Tech,
40,Distributed Operating Systems,Operating Systems,2,,Andrew S Tanenbaum,Pearson,,265,2013,9,978-81-775-8179-9,IT,MU,https://secondhandbookimages.s3.ap-south-1.amazonaws.com/2022-01-11T12%3A10%3A46.040Z-Distributed%20OS_ANDREW_2013_1.jpg,https://secondhandbookimages.s3.ap-south-1.amazonaws.com/2022-01-11T12%3A10%3A46.047Z-Distributed%20OS_ANDREW_2013_2.jpg,https://secondhandbookimages.s3.ap-south-1.amazonaws.com/2022-01-11T12%3A10%3A46.067Z-Distributed%20OS_ANDREW_2013_3.jpg,https://secondhandbookimages.s3.ap-south-1.amazonaws.com/2022-01-11T12%3A10%3A46.076Z-Distributed%20OS_ANDREW_2013_4.jpg,B.Tech,
41,Engineering Chemistry,Chemistry,,,,Wiley India,One,739,2013,9,978-81-265-1988-0,I.T,MU,https://secondhandbookimages.s3.ap-south-1.amazonaws.com/2022-01-11T13%3A13%3A28.653Z-EC_2013_1.jpg,https://secondhandbookimages.s3.ap-south-1.amazonaws.com/2022-01-11T13%3A13%3A28.737Z-EC_2013_2.jpg,https://secondhandbookimages.s3.ap-south-1.amazonaws.com/2022-01-11T13%3A13%3A29.042Z-EC_2013_3.jpg,https://secondhandbookimages.s3.ap-south-1.amazonaws.com/2022-01-11T13%3A13%3A29.062Z-EC_2013_4.jpg,B.Tech,
42,Engineering Chemistry,Chemistry,3,,Dr. B. S. Chauhan,Laxmi Publications,One,675,2017,5,978-8131805794,I.T,MU,https://secondhandbookimages.s3.ap-south-1.amazonaws.com/2022-01-11T13%3A41%3A03.194Z-EC_BS%20CHAUHAN_2017_1.jpg,https://secondhandbookimages.s3.ap-south-1.amazonaws.com/2022-01-11T13%3A41%3A03.256Z-EC_BS%20CHAUHAN_2017_2.jpg,https://secondhandbookimages.s3.ap-south-1.amazonaws.com/2022-01-11T13%3A41%3A03.412Z-EC_BS%20CHAUHAN_2017_3.jpg,https://secondhandbookimages.s3.ap-south-1.amazonaws.com/2022-01-11T13%3A41%3A03.460Z-EC_BS%20CHAUHAN_2017_4.jpg,B.Tech,
43,Engineering Chemistry,Chemistry,,,Dr. S.S. Dara Dr. S.S. Umare,S. Chand,One,425,2012,10,81-219-0359-9,I.T,MU,https://secondhandbookimages.s3.ap-south-1.amazonaws.com/2022-01-11T13%3A45%3A20.852Z-EC_SS%20DARA%20%20SS%20UMARE_2012_1.jpg,https://secondhandbookimages.s3.ap-south-1.amazonaws.com/2022-01-11T13%3A45%3A20.877Z-EC_SS%20DARA%20%20SS%20UMARE_2012_2.jpg,https://secondhandbookimages.s3.ap-south-1.amazonaws.com/2022-01-11T13%3A45%3A20.949Z-EC_SS%20DARA%20%20SS%20UMARE_2012_3.jpg,https://secondhandbookimages.s3.ap-south-1.amazonaws.com/2022-01-11T13%3A45%3A20.972Z-EC_SS%20DARA%20%20SS%20UMARE_2012_4.jpg,B.Tech,
44,Engineering Chemistry,Chemistry,,,S.S. Dara,S. Chand,One,360,2009,13,81-219-0359-9,I.T,MU,https://secondhandbookimages.s3.ap-south-1.amazonaws.com/2022-01-11T13%3A49%3A51.098Z-EC_SS%20DARA_2009_1.jpg,https://secondhandbookimages.s3.ap-south-1.amazonaws.com/2022-01-11T13%3A49%3A51.133Z-EC_SS%20DARA_2009_2.jpg,https://secondhandbookimages.s3.ap-south-1.amazonaws.com/2022-01-11T13%3A49%3A51.201Z-EC_SS%20DARA_2009_3.jpg,https://secondhandbookimages.s3.ap-south-1.amazonaws.com/2022-01-11T13%3A49%3A51.217Z-EC_SS%20DARA_2009_4.jpg,B.Tech,
45,Engineering Chemistry-1,Chemistry,1,2019,Prabhakar Keni,Tech-Neo Publications,One,195,2019,3,978-93-89460-12-4,I.T,MU,https://secondhandbookimages.s3.ap-south-1.amazonaws.com/2022-01-11T13%3A59%3A08.979Z-EC1_Prabhakar%20Keni_2019_1.jpg,https://secondhandbookimages.s3.ap-south-1.amazonaws.com/2022-01-11T13%3A59%3A09.049Z-EC1_Prabhakar%20Keni_2019_2.jpg,https://secondhandbookimages.s3.ap-south-1.amazonaws.com/2022-01-11T13%3A59%3A09.196Z-EC1_Prabhakar%20Keni_2019_3.jpg,https://secondhandbookimages.s3.ap-south-1.amazonaws.com/2022-01-11T13%3A59%3A09.216Z-EC1_Prabhakar%20Keni_2019_4.jpg,B.Tech,Cover 2
46,Engineering Chemistry-2,Chemistry,1,2020,Prabhakar Keni,Tech-Neo Publications,Two,240,2020,2,978-93-89835-86-1,I.T,MU,https://secondhandbookimages.s3.ap-south-1.amazonaws.com/2022-01-11T14%3A04%3A39.398Z-EC2_Prabhakar%20Keni_2020_1.jpg,https://secondhandbookimages.s3.ap-south-1.amazonaws.com/2022-01-11T14%3A04%3A39.466Z-EC2_Prabhakar%20Keni_2020_2.jpg,https://secondhandbookimages.s3.ap-south-1.amazonaws.com/2022-01-11T14%3A04%3A39.574Z-EC2_Prabhakar%20Keni_2020_3.jpg,https://secondhandbookimages.s3.ap-south-1.amazonaws.com/2022-01-11T14%3A04%3A39.601Z-EC2_Prabhakar%20Keni_2020_4.jpg,B.Tech,Cover 2
47,Engineering Drawing,Drawing,5,,N.H. Dubey,Nandu,Two,520,2019,3,978-93-85241-00-0,I.T,MU,https://secondhandbookimages.s3.ap-south-1.amazonaws.com/2022-01-11T13%3A47%3A28.120Z-ED_nh_2019_1.jpg,https://secondhandbookimages.s3.ap-south-1.amazonaws.com/2022-01-11T13%3A47%3A28.135Z-ED_nh_2019_2.jpg,https://secondhandbookimages.s3.ap-south-1.amazonaws.com/2022-01-11T13%3A47%3A28.146Z-ED_nh_2019_3.jpg,https://secondhandbookimages.s3.ap-south-1.amazonaws.com/2022-01-11T13%3A47%3A28.167Z-ED_nh_2019_4.jpg,B.Tech,
48,Engineering Drawing,Drawing,,,M.B. Shah B.C. Rana,Pearson Education,Two,,2016,6,9788129706263,I.T,MU,https://secondhandbookimages.s3.ap-south-1.amazonaws.com/2022-01-11T13%3A43%3A27.165Z-ED_rana_2016_1.jpg,https://secondhandbookimages.s3.ap-south-1.amazonaws.com/2022-01-11T13%3A43%3A27.180Z-ED_rana_2016_2.jpg,https://secondhandbookimages.s3.ap-south-1.amazonaws.com/2022-01-11T13%3A43%3A27.195Z-ED_rana_2016_3.jpg,https://secondhandbookimages.s3.ap-south-1.amazonaws.com/2022-01-11T13%3A43%3A27.205Z-ED_rana_2016_4.jpg,B.Tech,
49,Engineering Drawing-2,Drawing,,,N.H. Dubey,Nandu,Two,200,2017,5,,I.T,MU,https://secondhandbookimages.s3.ap-south-1.amazonaws.com/2022-01-11T13%3A45%3A35.086Z-ED_nh_2017_1.jpg,https://secondhandbookimages.s3.ap-south-1.amazonaws.com/2022-01-11T13%3A45%3A35.097Z-ED_nh_2017_2.jpg,https://secondhandbookimages.s3.ap-south-1.amazonaws.com/2022-01-11T13%3A45%3A35.115Z-ED_nh_2017_3.jpg,https://secondhandbookimages.s3.ap-south-1.amazonaws.com/2022-01-11T13%3A45%3A35.133Z-ED_nh_2017_4.jpg,B.Tech,
50,Engineering Mathematics,Mathematics,,2009,R.M. Baphana Shobha Bavadekar,Tech-Max Publications,Three,365,2018,4,978-81-8407-948-7,Electronics,MU,https://secondhandbookimages.s3.ap-south-1.amazonaws.com/2022-01-11T12%3A20%3A18.544Z-EM_RM%20BAPHANA_2018_1.jpg,https://secondhandbookimages.s3.ap-south-1.amazonaws.com/2022-01-11T12%3A20%3A18.550Z-EM_RM%20BAPHANA_2018_2.jpg,https://secondhandbookimages.s3.ap-south-1.amazonaws.com/2022-01-11T12%3A20%3A18.559Z-EM_RM%20BAPHANA_2018_3.jpg,https://secondhandbookimages.s3.ap-south-1.amazonaws.com/2022-01-11T12%3A20%3A18.579Z-EM_RM%20BAPHANA_2018_4.jpg,B.Tech,
51,Engineering Mechanics,Mechanics,12,2017,M.D. Dayal,Dayal,Two,420,2020,2,,I.T,MU,https://secondhandbookimages.s3.ap-south-1.amazonaws.com/2022-01-11T13%3A39%3A00.903Z-EM_md_2020_1.jpg,https://secondhandbookimages.s3.ap-south-1.amazonaws.com/2022-01-11T13%3A39%3A00.916Z-EM_md_2020_2.jpg,https://secondhandbookimages.s3.ap-south-1.amazonaws.com/2022-01-11T13%3A39%3A00.938Z-EM_md_2020_3.jpg,https://secondhandbookimages.s3.ap-south-1.amazonaws.com/2022-01-11T13%3A39%3A00.954Z-EM_md_2020_4.jpg,B.Tech,
52,Engineering Mechanics,Mechanics,,,Prof. P.J. Shah,S. Chand,Two,240,2010,12,81-219-3572-5,I.T,MU,https://secondhandbookimages.s3.ap-south-1.amazonaws.com/2022-01-11T13%3A42%3A05.840Z-EM_PJ%20Shah_2010_1.jpg,https://secondhandbookimages.s3.ap-south-1.amazonaws.com/2022-01-11T13%3A42%3A05.853Z-EM_PJ%20Shah_2010_2.jpg,https://secondhandbookimages.s3.ap-south-1.amazonaws.com/2022-01-11T13%3A42%3A05.874Z-EM_PJ%20Shah_2010_3.jpg,https://secondhandbookimages.s3.ap-south-1.amazonaws.com/2022-01-11T13%3A42%3A05.889Z-EM_PJ%20Shah_2010_4.jpg,B.Tech,
53,Engineering Mechanics,Mechanics,,2011,Schaum's,McGraw Hill,Two,499,2013,9,978-0-07-132129-7,I.T,MU,https://secondhandbookimages.s3.ap-south-1.amazonaws.com/2022-01-11T13%3A44%3A43.050Z-EM_Schaum_2013_1.jpg,https://secondhandbookimages.s3.ap-south-1.amazonaws.com/2022-01-11T13%3A44%3A43.062Z-EM_Schaum_2013_2.jpg,https://secondhandbookimages.s3.ap-south-1.amazonaws.com/2022-01-11T13%3A44%3A43.089Z-EM_Schaum_2013_3.jpg,https://secondhandbookimages.s3.ap-south-1.amazonaws.com/2022-01-11T13%3A44%3A43.169Z-EM_Schaum_2013_4.jpg,B.Tech,
54,Engineering Mechanics,Mechanics,,2002,S.S. Bhavikatti K.G. Rajashekarappa,New Age International,Two,225,2014,8,978-8122406177,I.T,MU,https://secondhandbookimages.s3.ap-south-1.amazonaws.com/2022-01-11T13%3A46%3A52.931Z-EM_Ss_2014_1.jpg,https://secondhandbookimages.s3.ap-south-1.amazonaws.com/2022-01-11T13%3A46%3A52.935Z-EM_Ss_2014_2.jpg,https://secondhandbookimages.s3.ap-south-1.amazonaws.com/2022-01-11T13%3A46%3A52.943Z-EM_Ss_2014_3.jpg,https://secondhandbookimages.s3.ap-south-1.amazonaws.com/2022-01-11T13%3A46%3A52.960Z-EM_Ss_2014_4.jpg,B.Tech,
55,Engineering Physics-1,Physics,1,2019,Prabhakar Keni,Tech-Neo Publications,One,235,2019,3,978-93-89460-10-0,I.T,MU,https://secondhandbookimages.s3.ap-south-1.amazonaws.com/2022-01-11T13%3A01%3A47.848Z-EP1_Prabhakar%20Keni_2019_1.jpg,https://secondhandbookimages.s3.ap-south-1.amazonaws.com/2022-01-11T13%3A01%3A47.853Z-EP1_Prabhakar%20Keni_2019_2.jpg,https://secondhandbookimages.s3.ap-south-1.amazonaws.com/2022-01-11T13%3A01%3A47.860Z-EP1_Prabhakar%20Keni_2019_3.jpg,https://secondhandbookimages.s3.ap-south-1.amazonaws.com/2022-01-11T13%3A01%3A47.884Z-EP1_Prabhakar%20Keni_2019_4.jpg,B.Tech,
56,Engineering Physics-2,Physics,1,2020,Prabhakar Keni,Tech-Neo Publications,Two,260,2020,2,978-93-89835-85-4,I.T,MU,https://secondhandbookimages.s3.ap-south-1.amazonaws.com/2022-01-11T13%3A03%3A20.901Z-EP2_Prabhakar%20Keni_2020_1.jpg,https://secondhandbookimages.s3.ap-south-1.amazonaws.com/2022-01-11T13%3A03%3A20.908Z-EP2_Prabhakar%20Keni_2020_2.jpg,https://secondhandbookimages.s3.ap-south-1.amazonaws.com/2022-01-11T13%3A03%3A20.928Z-EP2_Prabhakar%20Keni_2020_3.jpg,https://secondhandbookimages.s3.ap-south-1.amazonaws.com/2022-01-11T13%3A03%3A20.937Z-EP2_Prabhakar%20Keni_2020_4.jpg,B.Tech,
57,Hadoop in Action,Database,,,Chuck lam,DreamTech Press,Three,699,2016,6,978-81-7722-813-7,I.T,MU,https://secondhandbookimages.s3.ap-south-1.amazonaws.com/2022-01-11T13%3A05%3A42.990Z-Hadoop%20in%20action_%20Chuck%20Lam_2016_1.jpg,https://secondhandbookimages.s3.ap-south-1.amazonaws.com/2022-01-11T13%3A05%3A43.008Z-Hadoop%20in%20action_%20Chuck%20Lam_2016_2.jpg,https://secondhandbookimages.s3.ap-south-1.amazonaws.com/2022-01-11T13%3A05%3A43.017Z-Hadoop%20in%20action_%20Chuck%20Lam_2016_3.jpg,https://secondhandbookimages.s3.ap-south-1.amazonaws.com/2022-01-11T13%3A05%3A43.024Z-Hadoop%20in%20action_%20Chuck%20Lam_2016_4.jpg,B.Tech,
58,Introducing Data Science,Data Science,,,Davy Cielen Arnoi D. B. Meysman Mohamed Ali,Dream Tech,,599,2019,3,978-93-5119-937-3,IT,MU,https://secondhandbookimages.s3.ap-south-1.amazonaws.com/2022-01-11T13%3A10%3A34.526Z-DS_davy_2019_1.jpg,https://secondhandbookimages.s3.ap-south-1.amazonaws.com/2022-01-11T13%3A10%3A34.538Z-DS_davy_2019_2.jpg,https://secondhandbookimages.s3.ap-south-1.amazonaws.com/2022-01-11T13%3A10%3A34.554Z-DS_davy_2019_3.jpg,https://secondhandbookimages.s3.ap-south-1.amazonaws.com/2022-01-11T13%3A10%3A34.560Z-DS_davy_2019_4.jpg,B.Tech,
59,Network Security and Cryptography,Cryptography Network Security,,2011,Bernard Menezes,Cengage Learning,Five,599,2015,7,978-81-315-1349-1,I.T,MU,https://secondhandbookimages.s3.ap-south-1.amazonaws.com/2022-01-11T11%3A19%3A33.806Z-Net_cengage_2015_1.jpg,https://secondhandbookimages.s3.ap-south-1.amazonaws.com/2022-01-11T11%3A19%3A33.877Z-Net_cengage_2015_2.jpg,https://secondhandbookimages.s3.ap-south-1.amazonaws.com/2022-01-11T11%3A19%3A34.039Z-Net_cengage_2015_3.jpg,https://secondhandbookimages.s3.ap-south-1.amazonaws.com/2022-01-11T11%3A19%3A34.151Z-Net_cengage_2015_4.jpg,B.Tech,
60,Programming in Java,Java,2,,Sachin Malhotra Saurabh Choudhary,Oxford University Press,Three,525,2017,5,0-19-809485-X,I.T,MU,https://secondhandbookimages.s3.ap-south-1.amazonaws.com/2022-01-11T11%3A21%3A35.840Z-Program%20in%20Java_Sachin%20Malhotra_2017_1.jpg,https://secondhandbookimages.s3.ap-south-1.amazonaws.com/2022-01-11T11%3A21%3A35.844Z-Program%20in%20Java_Sachin%20Malhotra_2017_2.jpg,https://secondhandbookimages.s3.ap-south-1.amazonaws.com/2022-01-11T11%3A21%3A35.859Z-Program%20in%20Java_Sachin%20Malhotra_2017_3.jpg,https://secondhandbookimages.s3.ap-south-1.amazonaws.com/2022-01-11T11%3A21%3A35.870Z-Program%20in%20Java_Sachin%20Malhotra_2017_4.jpg,B.Tech,
61,Programming in Java A Primer,Java,2,,E Balagurusamy,McGraw Hill,Three,210,2013,9,0-07-463542-5,I.T,MU,https://secondhandbookimages.s3.ap-south-1.amazonaws.com/2022-01-11T11%3A23%3A37.753Z-program%20with%20java_balagurusa_2013_1.jpg,https://secondhandbookimages.s3.ap-south-1.amazonaws.com/2022-01-11T11%3A23%3A37.758Z-program%20with%20java_balagurusa_2013_2.jpg,https://secondhandbookimages.s3.ap-south-1.amazonaws.com/2022-01-11T11%3A23%3A37.778Z-program%20with%20java_balagurusa_2013_3.jpg,https://secondhandbookimages.s3.ap-south-1.amazonaws.com/2022-01-11T11%3A23%3A37.790Z-program%20with%20java_balagurusa_2013_4.jpg,B.Tech,
62,Strength of Materials,Drawing,5,2013,M.D. Dayal,Dayal,Two,420,2018,4,,Civil,MU,https://secondhandbookimages.s3.ap-south-1.amazonaws.com/2022-01-11T07%3A31%3A20.430Z-EM_md%20dayal_2018_1.jpg,https://secondhandbookimages.s3.ap-south-1.amazonaws.com/2022-01-11T07%3A31%3A20.500Z-EM_md%20dayal_2018_2.jpg,https://secondhandbookimages.s3.ap-south-1.amazonaws.com/2022-01-11T07%3A31%3A20.617Z-EM_md%20dayal_2018_3.jpg,https://secondhandbookimages.s3.ap-south-1.amazonaws.com/2022-01-11T07%3A31%3A20.795Z-EM_md%20dayal_2018_4.jpg,B.Tech,
63,Cloud Computing,Cloud,,,"Kailash Jayaswal, Jagannath Kallakurchi, Donald J. Houde, Dr. Deven Shah",DreamTech Press,Six,649,2016,6,978-93-5119-418-7,I.T,MU,https://secondhandbookimages.s3.ap-south-1.amazonaws.com/2022-04-04T12%3A35%3A39.716Z-Cloud%20Computing_Kailash%20jayaswal_20161.jpg,https://secondhandbookimages.s3.ap-south-1.amazonaws.com/2022-04-04T12%3A35%3A39.718Z-Cloud%20Computing_Kailash%20jayaswal_20162.jpg,https://secondhandbookimages.s3.ap-south-1.amazonaws.com/2022-04-04T12%3A35%3A39.724Z-Cloud%20Computing_Kailash%20jayaswal_20163.jpg,https://secondhandbookimages.s3.ap-south-1.amazonaws.com/2022-04-04T12%3A35%3A39.730Z-Cloud%20Computing_Kailash%20jayaswal_20164.jpg,B.Tech,
64,Cloud Computing: A Practical Approach,Cloud,,,"Anthony T. Velte, Toby J. Velte, Robert Elsenpeter",McGraw Hill,Six,,2015,7,,I.T,MU,https://secondhandbookimages.s3.ap-south-1.amazonaws.com/2022-04-04T12%3A37%3A34.121Z-Cloud%20Computing_Toby%20Velte%20%20Robert%20Elsenpeter_%2020151.jpg,https://secondhandbookimages.s3.ap-south-1.amazonaws.com/2022-04-04T12%3A37%3A34.123Z-Cloud%20Computing_Toby%20Velte%20%20Robert%20Elsenpeter_%2020151.jpg,https://secondhandbookimages.s3.ap-south-1.amazonaws.com/2022-04-04T12%3A37%3A34.128Z-Cloud%20Computing_Toby%20Velte%20%20Robert%20Elsenpeter_%2020152.jpg,https://secondhandbookimages.s3.ap-south-1.amazonaws.com/2022-04-04T12%3A37%3A34.133Z-Cloud%20Computing_Toby%20Velte%20%20Robert%20Elsenpeter_%2020153.jpg,B.Tech,
65,Cloud Security,Cloud,,,"Ronald L. Krutz, Russell Dean Vines",Wiley,Six,699,2021,1,978-81-265-2809-7,I.T,MU,https://secondhandbookimages.s3.ap-south-1.amazonaws.com/2022-04-04T12%3A39%3A39.833Z-Cloud%20Security_Ronald%20Krutz_20211.jpg,https://secondhandbookimages.s3.ap-south-1.amazonaws.com/2022-04-04T12%3A39%3A39.836Z-Cloud%20Security_Ronald%20Krutz_20212.jpg,https://secondhandbookimages.s3.ap-south-1.amazonaws.com/2022-04-04T12%3A39%3A39.840Z-Cloud%20Security_Ronald%20Krutz_20213.jpg,https://secondhandbookimages.s3.ap-south-1.amazonaws.com/2022-04-04T12%3A39%3A39.845Z-Cloud%20Security_Ronald%20Krutz_20214.jpg,B.Tech,
66,Parallel Computing,Parallel Computing,2,,M.R. Bhujade,New Age International,Six,190,2012,10,978-81-224-2387-7,I.T,MU,https://secondhandbookimages.s3.ap-south-1.amazonaws.com/2022-04-04T12%3A32%3A00.672Z-Cloud_bujade_20121.jpg,https://secondhandbookimages.s3.ap-south-1.amazonaws.com/2022-04-04T12%3A32%3A00.677Z-Cloud_bujade_20122.jpg,https://secondhandbookimages.s3.ap-south-1.amazonaws.com/2022-04-04T12%3A32%3A00.716Z-Cloud_bujade_20123.jpg,https://secondhandbookimages.s3.ap-south-1.amazonaws.com/2022-04-04T12%3A32%3A00.741Z-Cloud_bujade_20124.jpg,B.Tech,
67,Computer Network: A System Approach,Computer Networks,3,,"Larry L. Peterson, Bruce S. Davie",Morgan kaufmann,,,2006,16,81-8147-206-3,I.T,MU,https://secondhandbookimages.s3.ap-south-1.amazonaws.com/2022-04-04T12%3A42%3A41.914Z-CN_larry_bruce_20061.jpg,https://secondhandbookimages.s3.ap-south-1.amazonaws.com/2022-04-04T12%3A42%3A41.916Z-CN_larry_bruce_20064.jpg,https://secondhandbookimages.s3.ap-south-1.amazonaws.com/2022-04-04T12%3A42%3A41.923Z-CN_larry_bruce_20062.jpg,https://secondhandbookimages.s3.ap-south-1.amazonaws.com/2022-04-04T12%3A42%3A41.928Z-CN_larry_bruce_20063.jpg,B.Tech,
68,Computer Network: A Systems Approach,Computer Networks,5,,"Larry L. Peterson, Bruce S. Davie",Morgan kaufmann,,,2021,1,81-8147-206-3,I.T,MU,https://secondhandbookimages.s3.ap-south-1.amazonaws.com/2022-04-04T12%3A44%3A12.609Z-cn_morgan_kauffman_20211.jpg,https://secondhandbookimages.s3.ap-south-1.amazonaws.com/2022-04-04T12%3A44%3A12.611Z-cn_morgan_kauffman_20211.jpg,https://secondhandbookimages.s3.ap-south-1.amazonaws.com/2022-04-04T12%3A44%3A12.616Z-cn_morgan_kauffman_20212.jpg,https://secondhandbookimages.s3.ap-south-1.amazonaws.com/2022-04-04T12%3A44%3A12.620Z-cn_morgan_kauffman_20213.jpg,B.Tech,
69,Computer Network,Computer Networks,,2016,Udit Agawal,Gagan Kapur,,300,2020,2,,I.T,MU,https://secondhandbookimages.s3.ap-south-1.amazonaws.com/2022-04-04T12%3A47%3A07.874Z-computer%20Network_Udit%20Agarwal_%2020201.jpg,https://secondhandbookimages.s3.ap-south-1.amazonaws.com/2022-04-04T12%3A47%3A07.876Z-computer%20Network_Udit%20Agarwal_%2020202.jpg,https://secondhandbookimages.s3.ap-south-1.amazonaws.com/2022-04-04T12%3A47%3A07.880Z-computer%20Network_Udit%20Agarwal_%2020203.jpg,https://secondhandbookimages.s3.ap-south-1.amazonaws.com/2022-04-04T12%3A47%3A07.885Z-computer%20Network_Udit%20Agarwal_%2020204.jpg,B.Tech,
70,Intoducing Data Science,Data Science,,2016,Davy Cielen Arnoi D. B. Meysman Mohamed Ali,DreamTech Press,,,2018,4,978-93-5119-937-3,I.T,MU,https://secondhandbookimages.s3.ap-south-1.amazonaws.com/2022-04-04T12%3A48%3A51.931Z-intro%20to%20data%20science_davy%20and%20ali_20181.jpg,https://secondhandbookimages.s3.ap-south-1.amazonaws.com/2022-04-04T12%3A48%3A51.933Z-intro%20to%20data%20science_davy%20and%20ali_20182.jpg,https://secondhandbookimages.s3.ap-south-1.amazonaws.com/2022-04-04T12%3A48%3A51.938Z-intro%20to%20data%20science_davy%20and%20ali_20183.jpg,https://secondhandbookimages.s3.ap-south-1.amazonaws.com/2022-04-04T12%3A48%3A51.942Z-intro%20to%20data%20science_davy%20and%20ali_20184.jpg,B.Tech,
71,Object-Oriented Softwware Enginering,Java,,2009,"Timothy C. lethbridge, Robert Laganiere",McGraw Hill,Three,,2010,12,978-0-07-058754-0,I.T,MU,https://secondhandbookimages.s3.ap-south-1.amazonaws.com/2022-04-04T12%3A50%3A49.974Z-oop_lethbridge%20and%20laganiere_20101.jpg,https://secondhandbookimages.s3.ap-south-1.amazonaws.com/2022-04-04T12%3A50%3A49.976Z-oop_lethbridge%20and%20laganiere_20102.jpg,https://secondhandbookimages.s3.ap-south-1.amazonaws.com/2022-04-04T12%3A50%3A49.980Z-oop_lethbridge%20and%20laganiere_20103.jpg,https://secondhandbookimages.s3.ap-south-1.amazonaws.com/2022-04-04T12%3A50%3A49.984Z-oop_lethbridge%20and%20laganiere_20104.jpg,B.Tech,
72,Object-Oriented Programming Methodology,,,2013,Harish G. Narula,Tech-Max Publications,Three,275,2014,8,978-93-5077-253-9,I.T,MU,https://secondhandbookimages.s3.ap-south-1.amazonaws.com/2022-04-04T12%3A53%3A10.381Z-oop_narula_20141.jpg,https://secondhandbookimages.s3.ap-south-1.amazonaws.com/2022-04-04T12%3A53%3A10.382Z-oop_narula_20142.jpg,https://secondhandbookimages.s3.ap-south-1.amazonaws.com/2022-04-04T12%3A53%3A10.385Z-oop_narula_20143.jpg,https://secondhandbookimages.s3.ap-south-1.amazonaws.com/2022-04-04T12%3A53%3A10.389Z-oop_narula_20144.jpg,B.Tech,
73,Operating Systems,Operating Systems,2,,Milan Milenkovic,McGraw Hill,,,2009,13,978-0-07-463272-7,I.T,MU,https://secondhandbookimages.s3.ap-south-1.amazonaws.com/2022-04-04T12%3A55%3A13.062Z-OS_Milan%20Milenkovic_20091.jpg,https://secondhandbookimages.s3.ap-south-1.amazonaws.com/2022-04-04T12%3A55%3A13.064Z-OS_Milan%20Milenkovic_20091.jpg,https://secondhandbookimages.s3.ap-south-1.amazonaws.com/2022-04-04T12%3A55%3A13.071Z-OS_Milan%20Milenkovic_20092.jpg,https://secondhandbookimages.s3.ap-south-1.amazonaws.com/2022-04-04T12%3A55%3A13.080Z-OS_Milan%20Milenkovic_20093.jpg,B.Tech,
74,Operating Systems,Operating Systems,2,,Milan Milenkovic,McGraw Hill,,,2014,8,978-0-07-463272-8,I.T,MU,https://secondhandbookimages.s3.ap-south-1.amazonaws.com/2022-04-04T12%3A58%3A50.634Z-OS_milan_20141.jpg,https://secondhandbookimages.s3.ap-south-1.amazonaws.com/2022-04-04T12%3A58%3A50.636Z-OS_milan_20142.jpg,https://secondhandbookimages.s3.ap-south-1.amazonaws.com/2022-04-04T12%3A58%3A50.642Z-OS_milan_20143.jpg,https://secondhandbookimages.s3.ap-south-1.amazonaws.com/2022-04-04T12%3A58%3A50.645Z-OS_milan_20144.jpg,B.Tech,
75,Operating System Concepts,Operating Systems,9,2016,"Abraham Silberschatz, Peter B Galvin, Gerg Gagne",Wiley,,,2011,11,978-81-265-5427-0,I.T,MU,https://secondhandbookimages.s3.ap-south-1.amazonaws.com/2022-04-04T13%3A01%3A05.391Z-OS_Peter%20and%20abraham_20111.jpg,https://secondhandbookimages.s3.ap-south-1.amazonaws.com/2022-04-04T13%3A01%3A05.392Z-OS_Peter%20and%20abraham_20112.jpg,https://secondhandbookimages.s3.ap-south-1.amazonaws.com/2022-04-04T13%3A01%3A05.401Z-OS_Peter%20and%20abraham_20113.jpg,https://secondhandbookimages.s3.ap-south-1.amazonaws.com/2022-04-04T13%3A01%3A05.406Z-OS_Peter%20and%20abraham_20114.jpg,B.Tech,
76,Operating Systems Internals and Design Principles,Operating Systems,5,,William Stallings,Pearson Education,,325,2015,7,81-203-2796-9,I.T,MU,https://secondhandbookimages.s3.ap-south-1.amazonaws.com/2022-04-04T13%3A04%3A52.491Z-os_william_20151.jpg,https://secondhandbookimages.s3.ap-south-1.amazonaws.com/2022-04-04T13%3A04%3A52.492Z-os_william_20152.jpg,https://secondhandbookimages.s3.ap-south-1.amazonaws.com/2022-04-04T13%3A04%3A52.499Z-os_william_20153.jpg,https://secondhandbookimages.s3.ap-south-1.amazonaws.com/2022-04-04T13%3A04%3A52.501Z-os_william_20154.jpg,B.Tech,
77,Operating Systems,Operating Systems,2,,William Stallings,Pearson Education,,236,2011,11,81-203-1187-6,I.T,MU,https://secondhandbookimages.s3.ap-south-1.amazonaws.com/2022-04-04T13%3A06%3A47.285Z-os_william_stallings_20111.jpg,https://secondhandbookimages.s3.ap-south-1.amazonaws.com/2022-04-04T13%3A06%3A47.286Z-os_william_stallings_20112.jpg,https://secondhandbookimages.s3.ap-south-1.amazonaws.com/2022-04-04T13%3A06%3A47.291Z-os_william_stallings_20113.jpg,https://secondhandbookimages.s3.ap-south-1.amazonaws.com/2022-04-04T13%3A06%3A47.294Z-os_william_stallings_20114.jpg,B.Tech,
78,Operating Systems Internals and Design Principles,Operating Systems,7,,William Stallings,Pearson Education,,,2015,7,,I.T,MU,https://secondhandbookimages.s3.ap-south-1.amazonaws.com/2022-04-04T13%3A08%3A17.492Z-OS_william_stallings_20151.jpg,https://secondhandbookimages.s3.ap-south-1.amazonaws.com/2022-04-04T13%3A08%3A17.493Z-OS_william_stallings_20151.jpg,https://secondhandbookimages.s3.ap-south-1.amazonaws.com/2022-04-04T13%3A08%3A17.497Z-OS_william_stallings_20152.jpg,https://secondhandbookimages.s3.ap-south-1.amazonaws.com/2022-04-04T13%3A08%3A17.500Z-OS_william_stallings_20153.jpg,B.Tech,
79,R Programming For Dummies,R,2,,"Andrie de Vries, Joris Meys",Wiley,,699,2020,2,978-81-265-6218-3,I.T,MU,https://secondhandbookimages.s3.ap-south-1.amazonaws.com/2022-04-04T13%3A10%3A35.807Z-R%20programming_Joris%20Meys_20201.jpg,https://secondhandbookimages.s3.ap-south-1.amazonaws.com/2022-04-04T13%3A10%3A35.809Z-R%20programming_Joris%20Meys_20202.jpg,https://secondhandbookimages.s3.ap-south-1.amazonaws.com/2022-04-04T13%3A10%3A35.815Z-R%20programming_Joris%20Meys_20203.jpg,https://secondhandbookimages.s3.ap-south-1.amazonaws.com/2022-04-04T13%3A10%3A35.821Z-R%20programming_Joris%20Meys_20204.jpg,B.Tech,
80,"Introduction to Automata Theory, Languages, and Computation",Automata Theory,,,"John E. Hopcroft, Jeffery D. Ullman",Narosa Publishng House,,145,2006,16,81-85015-97-0,I.T,MU,https://secondhandbookimages.s3.ap-south-1.amazonaws.com/2022-04-07T15%3A58%3A53.710Z-AT_JOHN%20HOPCROFF_20061.jpg,https://secondhandbookimages.s3.ap-south-1.amazonaws.com/2022-04-07T15%3A58%3A53.735Z-AT_JOHN%20HOPCROFF_20062.jpg,https://secondhandbookimages.s3.ap-south-1.amazonaws.com/2022-04-07T15%3A58%3A53.792Z-AT_JOHN%20HOPCROFF_20063.jpg,https://secondhandbookimages.s3.ap-south-1.amazonaws.com/2022-04-07T15%3A58%3A53.802Z-AT_JOHN%20HOPCROFF_20064.jpg,B.Tech,
81,Cryptography for Database and Internet Applications,Cryptography,,,Nick Galbreath,Wiley,,329,2010,12,81-265-0332-7,I.T,MU,https://secondhandbookimages.s3.ap-south-1.amazonaws.com/2022-04-07T16%3A10%3A35.698Z-CNS_Nick%20galbreath_20101.jpg,https://secondhandbookimages.s3.ap-south-1.amazonaws.com/2022-04-07T16%3A10%3A35.708Z-CNS_Nick%20galbreath_20102.jpg,https://secondhandbookimages.s3.ap-south-1.amazonaws.com/2022-04-07T16%3A10%3A35.725Z-CNS_Nick%20galbreath_20103.jpg,https://secondhandbookimages.s3.ap-south-1.amazonaws.com/2022-04-07T16%3A10%3A35.738Z-CNS_Nick%20galbreath_20104.jpg,B.Tech,
82,Data Mining Explained,Data Mining,,,"Rhonda Delmater, Monte Hancock",Digital Press,,650,2006,16,1-55558-231-1,I.T,MU,https://secondhandbookimages.s3.ap-south-1.amazonaws.com/2022-04-07T16%3A13%3A54.116Z-data%20mining_delmater_20061.jpg,https://secondhandbookimages.s3.ap-south-1.amazonaws.com/2022-04-07T16%3A13%3A54.120Z-data%20mining_delmater_20064.jpg,https://secondhandbookimages.s3.ap-south-1.amazonaws.com/2022-04-07T16%3A13%3A54.131Z-data%20mining_delmater_20062.jpg,https://secondhandbookimages.s3.ap-south-1.amazonaws.com/2022-04-07T16%3A13%3A54.142Z-data%20mining_delmater_20063.jpg,B.Tech,
83,Data Structure A Pseudocode Approach with C,Data Structures,2,,"Richard F. Gilberg, Behrouz A. Forouzan",Cengage Learning,,,2015,7,81-315-0314-3,I.T,MU,https://secondhandbookimages.s3.ap-south-1.amazonaws.com/2022-04-07T16%3A18%3A04.951Z-Ds%20with%20C_Richard%20Gilberg_20151.jpg,https://secondhandbookimages.s3.ap-south-1.amazonaws.com/2022-04-07T16%3A18%3A04.954Z-Ds%20with%20C_Richard%20Gilberg_20152.jpg,https://secondhandbookimages.s3.ap-south-1.amazonaws.com/2022-04-07T16%3A18%3A04.961Z-Ds%20with%20C_Richard%20Gilberg_20153.jpg,https://secondhandbookimages.s3.ap-south-1.amazonaws.com/2022-04-07T16%3A18%3A04.966Z-Ds%20with%20C_Richard%20Gilberg_20154.jpg,B.Tech,
84,Data Warehousing in Real World,Data Warehousing,,,"Sam Anahory, Dennis Murray",Pearson Education,,,2012,10,81-317-0459-9,I.T,MU,https://secondhandbookimages.s3.ap-south-1.amazonaws.com/2022-04-07T16%3A20%3A24.369Z-DWM_Sam%20_%20Dennis_20121.jpg,https://secondhandbookimages.s3.ap-south-1.amazonaws.com/2022-04-07T16%3A20%3A24.371Z-DWM_Sam%20_%20Dennis_20124.jpg,https://secondhandbookimages.s3.ap-south-1.amazonaws.com/2022-04-07T16%3A20%3A24.378Z-DWM_Sam%20_%20Dennis_20122.jpg,https://secondhandbookimages.s3.ap-south-1.amazonaws.com/2022-04-07T16%3A20%3A24.384Z-DWM_Sam%20_%20Dennis_20123.jpg,B.Tech,
85,JavaScript For Web Professionals,JavaScript,,,"Dan Livingston, Mican Brown",Pearson Education,,175,2006,16,81-7808-322-1,I.T,MU,https://secondhandbookimages.s3.ap-south-1.amazonaws.com/2022-04-07T16%3A22%3A32.014Z-Java%20Script_Dan%20livingston_20061.jpg,https://secondhandbookimages.s3.ap-south-1.amazonaws.com/2022-04-07T16%3A22%3A32.017Z-Java%20Script_Dan%20livingston_20062.jpg,https://secondhandbookimages.s3.ap-south-1.amazonaws.com/2022-04-07T16%3A22%3A32.021Z-Java%20Script_Dan%20livingston_20063.jpg,https://secondhandbookimages.s3.ap-south-1.amazonaws.com/2022-04-07T16%3A22%3A32.030Z-Java%20Script_Dan%20livingston_20064.jpg,B.Tech,
86,The Java Prgramming language,Java,2,,"Ken Arnold, James Gosling",Sun Microsystems,,,2000,22,020143576-4,I.T,MU,https://secondhandbookimages.s3.ap-south-1.amazonaws.com/2022-04-07T16%3A24%3A39.579Z-java_Ken%20arnold_20001.jpg,https://secondhandbookimages.s3.ap-south-1.amazonaws.com/2022-04-07T16%3A24%3A39.582Z-java_Ken%20arnold_20002.jpg,https://secondhandbookimages.s3.ap-south-1.amazonaws.com/2022-04-07T16%3A24%3A39.589Z-java_Ken%20arnold_20003.jpg,https://secondhandbookimages.s3.ap-south-1.amazonaws.com/2022-04-07T16%3A24%3A39.594Z-java_Ken%20arnold_20004.jpg,B.Tech,
87,Advanced Programming for Java 2,Java,,,"Monica Pawlan, Calvin Austin",Pearson Education,,,2011,11,81-7808-240-3,I.T,MU,https://secondhandbookimages.s3.ap-south-1.amazonaws.com/2022-04-07T16%3A27%3A17.264Z-Java_Monica%20Pawlan_20111.jpg,https://secondhandbookimages.s3.ap-south-1.amazonaws.com/2022-04-07T16%3A27%3A17.268Z-Java_Monica%20Pawlan_20112.jpg,https://secondhandbookimages.s3.ap-south-1.amazonaws.com/2022-04-07T16%3A27%3A17.274Z-Java_Monica%20Pawlan_20113.jpg,https://secondhandbookimages.s3.ap-south-1.amazonaws.com/2022-04-07T16%3A27%3A17.280Z-Java_Monica%20Pawlan_20114.jpg,B.Tech,
88,JavaScript Examples Bible,JavaScript,,,Danny Goodman,IDG Books India,,329,2006,16,81-265-0216-9,I.T,MU,https://secondhandbookimages.s3.ap-south-1.amazonaws.com/2022-04-07T16%3A29%3A40.310Z-Javascript_Danny%20Goodman_20061.jpg,https://secondhandbookimages.s3.ap-south-1.amazonaws.com/2022-04-07T16%3A29%3A40.313Z-Javascript_Danny%20Goodman_20062.jpg,https://secondhandbookimages.s3.ap-south-1.amazonaws.com/2022-04-07T16%3A29%3A40.318Z-Javascript_Danny%20Goodman_20063.jpg,https://secondhandbookimages.s3.ap-south-1.amazonaws.com/2022-04-07T16%3A29%3A40.322Z-Javascript_Danny%20Goodman_20064.jpg,B.Tech,
89,Minning of Masssive Datasets,Data Mining,,,"Anand Rajaraman, Jeffrey David Ullman",Cambridge University Press,,,2015,7,978-1-107-44824-7,I.T,MU,https://secondhandbookimages.s3.ap-south-1.amazonaws.com/2022-04-07T16%3A36%3A12.705Z-mining%20of%20massive%20Dataset_Anand%20Rajaraman_20151.jpg,https://secondhandbookimages.s3.ap-south-1.amazonaws.com/2022-04-07T16%3A36%3A12.707Z-mining%20of%20massive%20Dataset_Anand%20Rajaraman_20152.jpg,https://secondhandbookimages.s3.ap-south-1.amazonaws.com/2022-04-07T16%3A36%3A12.712Z-mining%20of%20massive%20Dataset_Anand%20Rajaraman_20153.jpg,https://secondhandbookimages.s3.ap-south-1.amazonaws.com/2022-04-07T16%3A36%3A12.718Z-mining%20of%20massive%20Dataset_Anand%20Rajaraman_20154.jpg,B.Tech,
90,Object Oriented Programming in Java ,Java,,,Dr. G.T. Thampi,DreamTech Press,,279,2014,8,978-81-7722-924-0,I.T,MU,https://secondhandbookimages.s3.ap-south-1.amazonaws.com/2022-04-07T16%3A41%3A21.779Z-OOP%20IN%20JAVA_GT%20Thampi_20141.jpg,https://secondhandbookimages.s3.ap-south-1.amazonaws.com/2022-04-07T16%3A41%3A21.783Z-OOP%20IN%20JAVA_GT%20Thampi_20142.jpg,https://secondhandbookimages.s3.ap-south-1.amazonaws.com/2022-04-07T16%3A41%3A21.788Z-OOP%20IN%20JAVA_GT%20Thampi_20143.jpg,https://secondhandbookimages.s3.ap-south-1.amazonaws.com/2022-04-07T16%3A41%3A21.793Z-OOP%20IN%20JAVA_GT%20Thampi_20144.jpg,B.Tech,
91,SoftwareEnginering A Practitioner Approach,Software Engineering,6,,Roger S Pressman,McGraw Hill,,,2015,7,978-0-07-0701107,I.T,MU,https://secondhandbookimages.s3.ap-south-1.amazonaws.com/2022-04-07T16%3A44%3A05.714Z-SE_ROGER%20Pressman_20151.jpg,https://secondhandbookimages.s3.ap-south-1.amazonaws.com/2022-04-07T16%3A44%3A05.718Z-SE_ROGER%20Pressman_20152.jpg,https://secondhandbookimages.s3.ap-south-1.amazonaws.com/2022-04-07T16%3A44%3A05.725Z-SE_ROGER%20Pressman_20153.jpg,https://secondhandbookimages.s3.ap-south-1.amazonaws.com/2022-04-07T16%3A44%3A05.733Z-SE_ROGER%20Pressman_20154.jpg,B.Tech,